﻿{"cameraMode":{"drawMode":0,"name":"Shaded","section":"Shading Mode"},"sceneLighting":true,"audioPlay":false,"sceneViewState":{"showFog":true,"showMaterialUpdate":false,"showSkybox":true,"showFlares":true,"showImageEffects":true,"showParticleSystems":true},"in2DMode":false,"pivot":{"x":5.376098155975342,"y":7.472146511077881,"z":-15.436928749084473},"rotation":{"x":0.36259418725967409,"y":-0.15823760628700257,"z":0.06261281669139862,"w":0.9162920713424683},"size":12.140935897827149,"orthographic":false}